productId,productMercantId,merchantId,provinceCnName,mainProductId,isYiHaoDian,cutoffTimeKey,isRuleType,mcSiteKey,categoryId,experoienceProductId,productType,isShengxianProd,currProductClass,topCategoryId,yingyangTabSwith,brandID,backCategoryId,storeId,pointSiteKey,lastCategory,onlineCustomUserId,yhdFreshFoodKeyId,isSecondHandProduct,isFbyProd,urlProductId,companyName,detailOldForNewService,newBrandLogoUrl,brandName,oneKeyGoDomain,threeAreas,hasStockNum,isCanSale,combinePositionKey,product_amount
1626589,1810549,1,上海,1626589,1,1,-1,3,5073,1626589,0,0,5009,5009,0,141,5073,1,0,牙膏,0,1,0,0,1626589,1号店,0,http://d6.yihaodianimg.com/N04/M00/D0/59/CgQDr1KcRfuAOPATAAB-ZwyeRys882.jpg,Colgate/高露洁,,0,0,0,0,1
1626588,1810550,1,上海,1626588,1,1,-1,3,5073,1626588,0,0,5009,5009,0,141,5073,1,0,牙膏,0,1,0,0,1626588,1号店,0,http://d6.yihaodianimg.com/N04/M00/D0/59/CgQDr1KcRfuAOPATAAB-ZwyeRys882.jpg,Colgate/高露洁,,0,1155,1,0,1
1626587,1810551,1,上海,1626587,1,1,-1,3,5073,1626587,0,0,5009,5009,0,141,5073,1,0,牙膏,0,1,0,0,1626587,1号店,0,http://d6.yihaodianimg.com/N04/M00/D0/59/CgQDr1KcRfuAOPATAAB-ZwyeRys882.jpg,Colgate/高露洁,,0,65,1,0,1
1626586,1810552,1,上海,1626586,1,1,-1,3,5073,1626586,0,0,5009,5009,0,141,5073,1,0,牙膏,0,1,0,0,1626586,1号店,0,http://d6.yihaodianimg.com/N04/M00/D0/59/CgQDr1KcRfuAOPATAAB-ZwyeRys882.jpg,Colgate/高露洁,,0,275,1,0,1
1626585,1810585,2,上海,1626585,1,1,-1,3,5073,1626585,0,0,5009,5009,0,141,5073,2,0,牙膏,0,1,0,0,1626585,1号店,0,http://d6.yihaodianimg.com/N04/M00/D0/59/CgQDr1KcRfuAOPATAAB-ZwyeRys882.jpg,Colgate/高露洁,,0,0,0,0,1
1593860,1789633,1,上海,1593860,1,1,-1,3,23586,1593860,0,0,21306,21306,0,907857,960044,1,0,手机,0,1,0,0,1593860,1号店,1,http://d6.yihaodianimg.com/N02/M03/0D/9A/CgQCsFKW1ymACt10AABaTW7qXhU319.jpg,HTC,,0,0,0,1,1
1317641,1513523,1,上海,1317641,1,1,-1,3,23586,1317641,0,0,21306,21306,0,627,960044,1,0,手机,0,1,0,0,1317641,1号店,1,http://d6.yihaodianimg.com/N01/M0A/0E/4F/CgQCrlKYMTWABqOfAABQTLaaIP0150.jpg,MOTOROLA/摩托罗拉,,0,0,1,1,1
1593860,1789633,1,上海,1593860,1,1,-1,3,23586,1593860,0,0,21306,21306,0,907857,960044,1,0,手机,0,1,0,0,1593860,1号店,1,http://d6.yihaodianimg.com/N02/M03/0D/9A/CgQCsFKW1ymACt10AABaTW7qXhU319.jpg,HTC,,0,0,0,1,1
1317641,1513523,1,上海,1317641,1,1,-1,3,23586,1317641,0,0,21306,21306,0,627,960044,1,0,手机,0,1,0,0,1317641,1号店,1,http://d6.yihaodianimg.com/N01/M0A/0E/4F/CgQCrlKYMTWABqOfAABQTLaaIP0150.jpg,MOTOROLA/摩托罗拉,,0,0,1,1,1
1627210,1810732,2168,上海,1627209,0,1,-1,3,22593,1627209,1,0,21266,21266,0,930886,958847,2168,0,足浴盆,0,0,0,0,1627210,凯仕乐旗舰店,0,http://d6.yihaodianimg.com/N04/M08/DB/CA/CgQDrVKqxESAL4bpAABLB4NVg20143.jpg,KASRROW/凯仕乐,,0,460,1,0,9366
1627216,1810736,2168,上海,1627215,0,1,-1,3,22594,1627215,1,0,21266,21266,0,930886,958845,2168,0,按摩枕及按摩垫,0,0,0,0,1627216,凯仕乐旗舰店,0,http://d6.yihaodianimg.com/N04/M08/DB/CA/CgQDrVKqxESAL4bpAABLB4NVg20143.jpg,KASRROW/凯仕乐,,0,495,1,0,9366
1627223,1810740,2168,上海,1627222,0,1,-1,3,22593,1627222,1,0,21266,21266,0,930886,958847,2168,0,足浴盆,0,0,0,0,1627223,凯仕乐旗舰店,0,http://d6.yihaodianimg.com/N04/M08/DB/CA/CgQDrVKqxESAL4bpAABLB4NVg20143.jpg,KASRROW/凯仕乐,,0,0,0,0,9366
1627227,1810743,2168,上海,1627225,0,1,-1,3,21305,1627225,1,0,21266,21266,0,930886,957368,2168,0,其它个护健康,0,0,0,0,1627227,凯仕乐旗舰店,0,http://d6.yihaodianimg.com/N04/M08/DB/CA/CgQDrVKqxESAL4bpAABLB4NVg20143.jpg,KASRROW/凯仕乐,,0,50,1,0,9366
1627230,1810745,2168,上海,1627229,0,1,-1,3,21305,1627229,1,0,21266,21266,0,930886,957368,2168,0,其它个护健康,0,0,0,0,1627230,凯仕乐旗舰店,0,http://d6.yihaodianimg.com/N04/M08/DB/CA/CgQDrVKqxESAL4bpAABLB4NVg20143.jpg,KASRROW/凯仕乐,,0,67,1,0,9366
1627232,1810746,2168,上海,1627231,0,1,-1,3,21305,1627231,1,0,21266,21266,0,930886,957368,2168,0,其它个护健康,0,0,0,0,1627232,凯仕乐旗舰店,0,http://d6.yihaodianimg.com/N04/M08/DB/CA/CgQDrVKqxESAL4bpAABLB4NVg20143.jpg,KASRROW/凯仕乐,,0,88,1,0,9366
1627239,1810751,2168,上海,1627238,0,1,-1,3,21305,1627238,1,0,21266,21266,0,930886,957368,2168,0,其它个护健康,0,0,0,0,1627239,凯仕乐旗舰店,0,http://d6.yihaodianimg.com/N04/M08/DB/CA/CgQDrVKqxESAL4bpAABLB4NVg20143.jpg,KASRROW/凯仕乐,,0,94,1,0,9366
1627240,1810752,2168,上海,1627238,0,1,-1,3,21305,1627238,1,0,21266,21266,0,930886,957368,2168,0,其它个护健康,0,0,0,0,1627240,凯仕乐旗舰店,0,http://d6.yihaodianimg.com/N04/M08/DB/CA/CgQDrVKqxESAL4bpAABLB4NVg20143.jpg,KASRROW/凯仕乐,,0,85,1,0,9366
1627352,1810846,1166,上海,1196165,0,1,-1,3,32270,1196165,1,0,123,123,0,925437,969367,1166,0,腰带/皮带/腰链,0,0,0,0,1627352,德谱旗舰店,0,,Soponder/德谱,,0,0,0,0,3282
1627353,1810847,1166,上海,1196165,0,1,-1,3,32270,1196165,1,0,123,123,0,925437,969367,1166,0,腰带/皮带/腰链,0,0,0,0,1627353,德谱旗舰店,0,,Soponder/德谱,,0,0,0,0,3282
1627354,1810848,1166,上海,1196165,0,1,-1,3,32270,1196165,1,0,123,123,0,925437,969367,1166,0,腰带/皮带/腰链,0,0,0,0,1627354,德谱旗舰店,0,,Soponder/德谱,,0,0,0,0,3282
1627355,1810849,1166,上海,1188780,0,1,-1,3,32270,1188780,1,0,123,123,0,925437,969367,1166,0,腰带/皮带/腰链,0,0,0,0,1627355,德谱旗舰店,0,,Soponder/德谱,,0,0,0,0,3282
1627357,1810851,1166,上海,1188780,0,1,-1,3,32270,1188780,1,0,123,123,0,925437,969367,1166,0,腰带/皮带/腰链,0,0,0,0,1627357,德谱旗舰店,0,,Soponder/德谱,,0,0,0,0,3282
1627358,1810852,1166,上海,1188780,0,1,-1,3,32270,1188780,1,0,123,123,0,925437,969367,1166,0,腰带/皮带/腰链,0,0,0,0,1627358,德谱旗舰店,0,,Soponder/德谱,,0,0,0,0,3282
1627359,1810853,1166,上海,1196092,0,1,-1,3,32270,1196092,1,0,123,123,0,925437,969367,1166,0,腰带/皮带/腰链,0,0,0,0,1627359,德谱旗舰店,0,,Soponder/德谱,,0,0,0,0,3282
1627360,1810854,1166,上海,1196092,0,1,-1,3,32270,1196092,1,0,123,123,0,925437,969367,1166,0,腰带/皮带/腰链,0,0,0,0,1627360,德谱旗舰店,0,,Soponder/德谱,,0,0,0,0,3282
1627361,1810855,1166,上海,1196142,0,1,-1,3,32270,1196142,1,0,123,123,0,925437,969367,1166,0,腰带/皮带/腰链,0,0,0,0,1627361,德谱旗舰店,0,,Soponder/德谱,,0,0,0,0,3282
1627362,1810856,1166,上海,1196142,0,1,-1,3,32270,1196142,1,0,123,123,0,925437,969367,1166,0,腰带/皮带/腰链,0,0,0,0,1627362,德谱旗舰店,0,,Soponder/德谱,,0,0,0,0,3282
1627363,1810857,1166,上海,1196092,0,1,-1,3,32270,1196092,1,0,123,123,0,925437,969367,1166,0,腰带/皮带/腰链,0,0,0,0,1627363,德谱旗舰店,0,,Soponder/德谱,,0,0,0,0,3282
1627364,1810858,1567,上海,1386833,0,1,-1,3,951179,1386833,1,0,950340,950340,0,927674,953164,1567,0,纸巾套/纸巾盒,0,0,0,0,1627364,a-life最生活旗舰店,0,,a-life/最生活,,0,0,0,0,7502
1628063,1811493,1154,上海,1628062,0,1,-1,3,19610,1628062,1,0,123,123,0,924340,954924,1154,0,棉衣,0,0,0,0,1628063,VaLS官方旗舰店,0,,VaLS,,0,0,0,0,3162
1628064,1811494,1154,上海,1628062,0,1,-1,3,19610,1628062,1,0,123,123,0,924340,954924,1154,0,棉衣,0,0,0,0,1628064,VaLS官方旗舰店,0,,VaLS,,0,8,1,0,3162
1628065,1811495,1154,上海,1628062,0,1,-1,3,19610,1628062,1,0,123,123,0,924340,954924,1154,0,棉衣,0,0,0,0,1628065,VaLS官方旗舰店,0,,VaLS,,0,0,0,0,3162
1628066,1811496,1154,上海,1628062,0,1,-1,3,19610,1628062,1,0,123,123,0,924340,954924,1154,0,棉衣,0,0,0,0,1628066,VaLS官方旗舰店,0,,VaLS,,0,37,1,0,3162
1628067,1811497,1154,上海,1628062,0,1,-1,3,19610,1628062,1,0,123,123,0,924340,954924,1154,0,棉衣,0,0,0,0,1628067,VaLS官方旗舰店,0,,VaLS,,0,21,1,0,3162
1628068,1811498,1154,上海,1628062,0,1,-1,3,19610,1628062,1,0,123,123,0,924340,954924,1154,0,棉衣,0,0,0,0,1628068,VaLS官方旗舰店,0,,VaLS,,0,28,1,0,3162
1628069,1811499,1154,上海,1628062,0,1,-1,3,19610,1628062,1,0,123,123,0,924340,954924,1154,0,棉衣,0,0,0,0,1628069,VaLS官方旗舰店,0,,VaLS,,0,0,0,0,3162
1628070,1811500,1154,上海,1628062,0,1,-1,3,19610,1628062,1,0,123,123,0,924340,954924,1154,0,棉衣,0,0,0,0,1628070,VaLS官方旗舰店,0,,VaLS,,0,0,0,0,3162
1628086,1811513,1154,上海,1628085,0,1,-1,3,19610,1628085,1,0,123,123,0,924340,954924,1154,0,棉衣,0,0,0,0,1628086,VaLS官方旗舰店,0,,VaLS,,0,0,0,0,3162
1628087,1811514,1154,上海,1628085,0,1,-1,3,19610,1628085,1,0,123,123,0,924340,954924,1154,0,棉衣,0,0,0,0,1628087,VaLS官方旗舰店,0,,VaLS,,0,0,0,0,3162
1628088,1811515,1154,上海,1628085,0,1,-1,3,19610,1628085,1,0,123,123,0,924340,954924,1154,0,棉衣,0,0,0,0,1628088,VaLS官方旗舰店,0,,VaLS,,0,0,0,0,3162
1628089,1811516,1154,上海,1628085,0,1,-1,3,19610,1628085,1,0,123,123,0,924340,954924,1154,0,棉衣,0,0,0,0,1628089,VaLS官方旗舰店,0,,VaLS,,0,0,0,0,3162
1628091,1811517,1154,上海,1628090,0,1,-1,3,30345,1628090,1,0,123,123,0,924340,966835,1154,0,马甲/背心,0,0,0,0,1628091,VaLS官方旗舰店,0,,VaLS,,0,0,0,0,3162
1628092,1811518,1154,上海,1628090,0,1,-1,3,30345,1628090,1,0,123,123,0,924340,966835,1154,0,马甲/背心,0,0,0,0,1628092,VaLS官方旗舰店,0,,VaLS,,0,0,0,0,3162
1628093,1811519,1154,上海,1628090,0,1,-1,3,30345,1628090,1,0,123,123,0,924340,966835,1154,0,马甲/背心,0,0,0,0,1628093,VaLS官方旗舰店,0,,VaLS,,0,0,0,0,3162
1628094,1811520,1154,上海,1628090,0,1,-1,3,30345,1628090,1,0,123,123,0,924340,966835,1154,0,马甲/背心,0,0,0,0,1628094,VaLS官方旗舰店,0,,VaLS,,0,0,0,0,3162
1628095,1811521,1154,上海,1628090,0,1,-1,3,30345,1628090,1,0,123,123,0,924340,966835,1154,0,马甲/背心,0,0,0,0,1628095,VaLS官方旗舰店,0,,VaLS,,0,1,1,0,3162
1628096,1811522,1154,上海,1628090,0,1,-1,3,30345,1628090,1,0,123,123,0,924340,966835,1154,0,马甲/背心,0,0,0,0,1628096,VaLS官方旗舰店,0,,VaLS,,0,0,0,0,3162
1628097,1811523,1154,上海,1628090,0,1,-1,3,30345,1628090,1,0,123,123,0,924340,966835,1154,0,马甲/背心,0,0,0,0,1628097,VaLS官方旗舰店,0,,VaLS,,0,0,0,0,3162
1628098,1811524,1154,上海,1628090,0,1,-1,3,30345,1628090,1,0,123,123,0,924340,966835,1154,0,马甲/背心,0,0,0,0,1628098,VaLS官方旗舰店,0,,VaLS,,0,0,0,0,3162
1628099,1811525,1154,上海,1628090,0,1,-1,3,30345,1628090,1,0,123,123,0,924340,966835,1154,0,马甲/背心,0,0,0,0,1628099,VaLS官方旗舰店,0,,VaLS,,0,41,1,0,3162
1628100,1811526,1154,上海,1628090,0,1,-1,3,30345,1628090,1,0,123,123,0,924340,966835,1154,0,马甲/背心,0,0,0,0,1628100,VaLS官方旗舰店,0,,VaLS,,0,0,0,0,3162
1628101,1811527,1154,上海,1628090,0,1,-1,3,30345,1628090,1,0,123,123,0,924340,966835,1154,0,马甲/背心,0,0,0,0,1628101,VaLS官方旗舰店,0,,VaLS,,0,0,0,0,3162
1628102,1811528,1154,上海,1628090,0,1,-1,3,30345,1628090,1,0,123,123,0,924340,966835,1154,0,马甲/背心,0,0,0,0,1628102,VaLS官方旗舰店,0,,VaLS,,0,0,0,0,3162
1628104,1811529,1154,上海,1628103,0,1,-1,3,30345,1628103,1,0,123,123,0,924340,966835,1154,0,马甲/背心,0,0,0,0,1628104,VaLS官方旗舰店,0,,VaLS,,0,0,0,0,3162
1628105,1811530,1154,上海,1628103,0,1,0,3,30345,1628103,1,0,123,123,0,924340,966835,1154,0,马甲/背心,0,0,0,0,1628105,VaLS官方旗舰店,0,,VaLS,,0,519,1,0,3162
1628106,1811531,1154,上海,1628103,0,1,-1,3,30345,1628103,1,0,123,123,0,924340,966835,1154,0,马甲/背心,0,0,0,0,1628106,VaLS官方旗舰店,0,,VaLS,,0,0,0,0,3162
1628107,1811532,1154,上海,1628103,0,1,-1,3,30345,1628103,1,0,123,123,0,924340,966835,1154,0,马甲/背心,0,0,0,0,1628107,VaLS官方旗舰店,0,,VaLS,,0,0,0,0,3162
1628186,1811602,1154,上海,1628179,0,1,-1,3,31705,1628179,1,0,123,123,0,924340,968775,1154,0,风衣,0,0,0,0,1628186,VaLS官方旗舰店,0,,VaLS,,0,1,1,0,3162
1628187,1811603,1154,上海,1628179,0,1,-1,3,31705,1628179,1,0,123,123,0,924340,968775,1154,0,风衣,0,0,0,0,1628187,VaLS官方旗舰店,0,,VaLS,,0,18,1,0,3162
1628188,1811604,1154,上海,1628179,0,1,-1,3,31705,1628179,1,0,123,123,0,924340,968775,1154,0,风衣,0,0,0,0,1628188,VaLS官方旗舰店,0,,VaLS,,0,21,1,0,3162
1628189,1811605,1154,上海,1628179,0,1,-1,3,31705,1628179,1,0,123,123,0,924340,968775,1154,0,风衣,0,0,0,0,1628189,VaLS官方旗舰店,0,,VaLS,,0,0,0,0,3162
1628190,1811606,1154,上海,1628179,0,1,-1,3,31705,1628179,1,0,123,123,0,924340,968775,1154,0,风衣,0,0,0,0,1628190,VaLS官方旗舰店,0,,VaLS,,0,0,0,0,3162
1628191,1811607,1154,上海,1628179,0,1,-1,3,31705,1628179,1,0,123,123,0,924340,968775,1154,0,风衣,0,0,0,0,1628191,VaLS官方旗舰店,0,,VaLS,,0,24,1,0,3162
1628193,1811608,1154,上海,1628179,0,1,-1,3,31705,1628179,1,0,123,123,0,924340,968775,1154,0,风衣,0,0,0,0,1628193,VaLS官方旗舰店,0,,VaLS,,0,18,1,0,3162
1628195,1811610,1154,上海,1628179,0,1,-1,3,31705,1628179,1,0,123,123,0,924340,968775,1154,0,风衣,0,0,0,0,1628195,VaLS官方旗舰店,0,,VaLS,,0,3,1,0,3162
1628263,1811665,1154,上海,1628261,0,1,-1,3,28083,1628261,1,0,123,123,0,924340,964506,1154,0,T恤,0,0,0,0,1628263,VaLS官方旗舰店,0,,VaLS,,0,0,0,0,3162
1628264,1811666,1154,上海,1628261,0,1,-1,3,28083,1628261,1,0,123,123,0,924340,964506,1154,0,T恤,0,0,0,0,1628264,VaLS官方旗舰店,0,,VaLS,,0,0,0,0,3162
1628265,1811667,1154,上海,1628261,0,1,-1,3,28083,1628261,1,0,123,123,0,924340,964506,1154,0,T恤,0,0,0,0,1628265,VaLS官方旗舰店,0,,VaLS,,0,0,0,0,3162
1628268,1811669,1154,上海,1628261,0,1,-1,3,28083,1628261,1,0,123,123,0,924340,964506,1154,0,T恤,0,0,0,0,1628268,VaLS官方旗舰店,0,,VaLS,,0,0,0,0,3162
1628269,1811670,1154,上海,1628261,0,1,0,3,28083,1628261,1,0,123,123,0,924340,964506,1154,0,T恤,0,0,0,0,1628269,VaLS官方旗舰店,0,,VaLS,,0,35,1,0,3162
1628270,1811671,1154,上海,1628261,0,1,-1,3,28083,1628261,1,0,123,123,0,924340,964506,1154,0,T恤,0,0,0,0,1628270,VaLS官方旗舰店,0,,VaLS,,0,0,0,0,3162
1628271,1811672,1154,上海,1628261,0,1,0,3,28083,1628261,1,0,123,123,0,924340,964506,1154,0,T恤,0,0,0,0,1628271,VaLS官方旗舰店,0,,VaLS,,0,9,1,0,3162
1628274,1811674,1154,上海,1628261,0,1,-1,3,28083,1628261,1,0,123,123,0,924340,964506,1154,0,T恤,0,0,0,0,1628274,VaLS官方旗舰店,0,,VaLS,,0,0,0,0,3162
1628412,1811784,1073,上海,1565033,0,1,0,3,32357,1565033,1,0,32258,32258,0,921177,969454,1073,0,项坠/吊坠,0,0,0,0,1628412,T400旗舰店,0,,T400,,0,86,1,0,2081
1628417,1811789,1073,上海,1565033,0,1,0,3,32357,1565033,1,0,32258,32258,0,921177,969454,1073,0,项坠/吊坠,0,0,0,0,1628417,T400旗舰店,0,,T400,,0,0,0,0,2081
1628421,1811793,1166,上海,1196150,0,1,-1,3,32270,1196150,1,0,123,123,0,925437,969367,1166,0,腰带/皮带/腰链,0,0,0,0,1628421,德谱旗舰店,0,,Soponder/德谱,,0,0,0,0,3282
1628424,1811796,1166,上海,1196150,0,1,-1,3,32270,1196150,1,0,123,123,0,925437,969367,1166,0,腰带/皮带/腰链,0,0,0,0,1628424,德谱旗舰店,0,,Soponder/德谱,,0,0,0,0,3282
1628427,1811799,1166,上海,1196158,0,1,-1,3,32270,1196158,1,0,123,123,0,925437,969367,1166,0,腰带/皮带/腰链,0,0,0,0,1628427,德谱旗舰店,0,,Soponder/德谱,,0,0,0,0,3282
1628430,1811802,1166,上海,1196158,0,1,-1,3,32270,1196158,1,0,123,123,0,925437,969367,1166,0,腰带/皮带/腰链,0,0,0,0,1628430,德谱旗舰店,0,,Soponder/德谱,,0,0,0,0,3282
1628433,1811805,1166,上海,1196158,0,1,-1,3,32270,1196158,1,0,123,123,0,925437,969367,1166,0,腰带/皮带/腰链,0,0,0,0,1628433,德谱旗舰店,0,,Soponder/德谱,,0,0,0,0,3282
1628436,1811808,1166,上海,1196195,0,1,-1,3,32270,1196195,1,0,123,123,0,925437,969367,1166,0,腰带/皮带/腰链,0,0,0,0,1628436,德谱旗舰店,0,,Soponder/德谱,,0,0,0,0,3282
1628437,1811809,1166,上海,1196195,0,1,-1,3,32270,1196195,1,0,123,123,0,925437,969367,1166,0,腰带/皮带/腰链,0,0,0,0,1628437,德谱旗舰店,0,,Soponder/德谱,,0,0,0,0,3282
1628438,1811810,1166,上海,1196118,0,1,-1,3,32270,1196118,1,0,123,123,0,925437,969367,1166,0,腰带/皮带/腰链,0,0,0,0,1628438,德谱旗舰店,0,,Soponder/德谱,,0,0,0,0,3282
1628439,1811811,1166,上海,1196118,0,1,-1,3,32270,1196118,1,0,123,123,0,925437,969367,1166,0,腰带/皮带/腰链,0,0,0,0,1628439,德谱旗舰店,0,,Soponder/德谱,,0,0,0,0,3282
1628440,1811812,1166,上海,1196118,0,1,-1,3,32270,1196118,1,0,123,123,0,925437,969367,1166,0,腰带/皮带/腰链,0,0,0,0,1628440,德谱旗舰店,0,,Soponder/德谱,,0,0,0,0,3282
1443204,1811821,1,上海,1443204,1,1,-1,3,5426,1443204,0,0,5135,5135,0,1372,5426,1,0,口香糖,0,1,0,0,1443204,1号店,0,http://d6.yihaodianimg.com/N04/M0B/D9/84/CgQDr1KoE6uANq-CAABhJnWXbD8056.jpg,雅客,,0,0,0,0,1
1443200,1811825,1,上海,1443200,1,1,-1,3,5426,1443200,0,0,5135,5135,0,1372,5426,1,0,口香糖,0,1,0,0,1443200,1号店,0,http://d6.yihaodianimg.com/N04/M0B/D9/84/CgQDr1KoE6uANq-CAABhJnWXbD8056.jpg,雅客,,0,0,0,0,1
1443196,1811829,1,上海,1443196,1,1,-1,3,5426,1443196,0,0,5135,5135,0,1372,5426,1,0,口香糖,0,1,0,0,1443196,1号店,0,http://d6.yihaodianimg.com/N04/M0B/D9/84/CgQDr1KoE6uANq-CAABhJnWXbD8056.jpg,雅客,,0,0,0,0,1
1443195,1811830,1,上海,1443195,1,1,-1,3,5426,1443195,0,0,5135,5135,0,1372,5426,1,0,口香糖,0,1,0,0,1443195,1号店,0,http://d6.yihaodianimg.com/N04/M0B/D9/84/CgQDr1KoE6uANq-CAABhJnWXbD8056.jpg,雅客,,0,0,0,0,1
1443190,1811835,1,上海,1443190,1,1,-1,3,5426,1443190,0,0,5135,5135,0,1372,5426,1,0,口香糖,0,1,0,0,1443190,1号店,0,http://d6.yihaodianimg.com/N04/M0B/D9/84/CgQDr1KoE6uANq-CAABhJnWXbD8056.jpg,雅客,,0,0,0,0,1
1443189,1811836,1,上海,1443189,1,1,-1,3,5426,1443189,0,0,5135,5135,0,1372,5426,1,0,口香糖,0,1,0,0,1443189,1号店,0,http://d6.yihaodianimg.com/N04/M0B/D9/84/CgQDr1KoE6uANq-CAABhJnWXbD8056.jpg,雅客,,0,0,0,0,1
1443179,1811846,1,上海,1443179,1,1,-1,3,34778,1443179,0,0,5135,5135,0,1372,972015,1,0,糖果,0,1,0,0,1443179,1号店,0,http://d6.yihaodianimg.com/N04/M0B/D9/84/CgQDr1KoE6uANq-CAABhJnWXbD8056.jpg,雅客,,0,0,1,0,1
1443173,1811852,1,上海,1443173,1,1,-1,3,34778,1443173,0,0,5135,5135,0,1372,972015,1,0,糖果,0,1,0,0,1443173,1号店,0,http://d6.yihaodianimg.com/N04/M0B/D9/84/CgQDr1KoE6uANq-CAABhJnWXbD8056.jpg,雅客,,0,0,0,0,1
1443172,1811853,1,上海,1443172,1,1,-1,3,34778,1443172,0,0,5135,5135,0,1372,972015,1,0,糖果,0,1,0,0,1443172,1号店,0,http://d6.yihaodianimg.com/N04/M0B/D9/84/CgQDr1KoE6uANq-CAABhJnWXbD8056.jpg,雅客,,0,0,0,0,1
1443171,1811854,1,上海,1443171,1,1,-1,3,34778,1443171,0,0,5135,5135,0,1372,972015,1,0,糖果,0,1,0,0,1443171,1号店,0,http://d6.yihaodianimg.com/N04/M0B/D9/84/CgQDr1KoE6uANq-CAABhJnWXbD8056.jpg,雅客,,0,0,0,0,1
1443169,1811856,1,上海,1443169,1,1,-1,3,34778,1443169,0,0,5135,5135,0,1372,972015,1,0,糖果,0,1,0,0,1443169,1号店,0,http://d6.yihaodianimg.com/N04/M0B/D9/84/CgQDr1KoE6uANq-CAABhJnWXbD8056.jpg,雅客,,0,0,0,0,1
1443167,1811858,1,上海,1443167,1,1,-1,3,34778,1443167,0,0,5135,5135,0,1372,972015,1,0,糖果,0,1,0,0,1443167,1号店,0,http://d6.yihaodianimg.com/N04/M0B/D9/84/CgQDr1KoE6uANq-CAABhJnWXbD8056.jpg,雅客,,0,0,0,0,1
1443164,1811861,1,上海,1443164,1,1,-1,3,34778,1443164,0,0,5135,5135,0,1372,972015,1,0,糖果,0,1,0,0,1443164,1号店,0,http://d6.yihaodianimg.com/N04/M0B/D9/84/CgQDr1KoE6uANq-CAABhJnWXbD8056.jpg,雅客,,0,0,0,0,1
1443209,1811867,1,上海,1443209,1,1,-1,3,34778,1443209,0,0,5135,5135,0,1372,972015,1,0,糖果,0,1,0,0,1443209,1号店,0,http://d6.yihaodianimg.com/N04/M0B/D9/84/CgQDr1KoE6uANq-CAABhJnWXbD8056.jpg,雅客,,0,0,0,0,1
1443163,1811870,1,上海,1443163,1,1,-1,3,34778,1443163,0,0,5135,5135,0,1372,972015,1,0,糖果,0,1,0,0,1443163,1号店,0,http://d6.yihaodianimg.com/N04/M0B/D9/84/CgQDr1KoE6uANq-CAABhJnWXbD8056.jpg,雅客,,0,0,1,0,1
1443161,1811872,1,上海,1443161,1,1,-1,3,34778,1443161,0,0,5135,5135,0,1372,972015,1,0,糖果,0,1,0,0,1443161,1号店,0,http://d6.yihaodianimg.com/N04/M0B/D9/84/CgQDr1KoE6uANq-CAABhJnWXbD8056.jpg,雅客,,0,0,0,0,1
1443158,1811875,1,上海,1443158,1,1,-1,3,34778,1443158,0,0,5135,5135,0,1372,972015,1,0,糖果,0,1,0,0,1443158,1号店,0,http://d6.yihaodianimg.com/N04/M0B/D9/84/CgQDr1KoE6uANq-CAABhJnWXbD8056.jpg,雅客,,0,0,0,0,1
1443157,1811876,1,上海,1443157,1,1,-1,3,34778,1443157,0,0,5135,5135,0,1372,972015,1,0,糖果,0,1,0,0,1443157,1号店,0,http://d6.yihaodianimg.com/N04/M0B/D9/84/CgQDr1KoE6uANq-CAABhJnWXbD8056.jpg,雅客,,0,0,0,0,1
1443155,1811878,1,上海,1443155,1,1,-1,3,34778,1443155,0,0,5135,5135,0,1372,972015,1,0,糖果,0,1,0,0,1443155,1号店,0,http://d6.yihaodianimg.com/N04/M0B/D9/84/CgQDr1KoE6uANq-CAABhJnWXbD8056.jpg,雅客,,0,0,0,0,1
1443154,1811879,1,上海,1443154,1,1,-1,3,34778,1443154,0,0,5135,5135,0,1372,972015,1,0,糖果,0,1,0,0,1443154,1号店,0,http://d6.yihaodianimg.com/N04/M0B/D9/84/CgQDr1KoE6uANq-CAABhJnWXbD8056.jpg,雅客,,0,0,0,0,1
1628462,1811883,1,上海,1628462,1,1,-1,3,31857,1628462,0,0,8704,8704,0,906622,969075,1,0,保健饮品,0,1,0,0,1628462,1号店,0,http://d6.yihaodianimg.com/N00/M00/10/C2/CgMBmVKcTSSAKLywAAB1gouCp6w133.jpg,Cpt/康比特,,0,0,0,0,1
1628606,1811892,1,上海,1628606,1,1,-1,3,31626,1628606,0,0,8704,8704,0,902573,968676,1,0,复合维生素/矿物质,0,1,0,0,1628606,1号店,0,http://d6.yihaodianimg.com/N03/M0B/08/CD/CgQCs1KWzTuAAS46AACWHDhBE-A261.jpg,Hansal/好维乐,,0,39,1,0,1
1628589,1811987,1496,上海,1628589,0,1,0,3,29655,1628589,0,0,5117,5117,0,948423,966025,1496,0,毛绒玩具,0,0,0,0,1628589,趣啦啦趣味生活专卖店,0,,淘气郎,,0,858,1,0,6841
1628590,1811988,1496,上海,1628590,0,1,0,3,29655,1628590,0,0,5117,5117,0,948423,966025,1496,0,毛绒玩具,0,0,0,0,1628590,趣啦啦趣味生活专卖店,0,,淘气郎,,0,848,1,0,6841
1628591,1811989,1496,上海,1628591,0,1,0,3,29655,1628591,0,0,5117,5117,0,948423,966025,1496,0,毛绒玩具,0,0,0,0,1628591,趣啦啦趣味生活专卖店,0,,淘气郎,,0,803,1,0,6841
1628592,1811990,1496,上海,1628592,0,1,0,3,29655,1628592,0,0,5117,5117,0,948423,966025,1496,0,毛绒玩具,0,0,0,0,1628592,趣啦啦趣味生活专卖店,0,,淘气郎,,0,966,1,0,6841
1628593,1811991,1496,上海,1628593,0,1,0,3,29659,1628593,0,0,5117,5117,0,948423,966029,1496,0,益智玩具,0,0,0,0,1628593,趣啦啦趣味生活专卖店,0,,淘气郎,,0,887,1,0,6841
1628594,1811992,1496,上海,1628594,0,1,0,3,29641,1628594,0,0,5117,5117,0,948423,966011,1496,0,积木/拼插/拼图,0,0,0,0,1628594,趣啦啦趣味生活专卖店,0,,淘气郎,,0,738,1,0,6841
1628596,1811994,1496,上海,1628596,0,1,0,3,29644,1628596,0,0,5117,5117,0,948423,966014,1496,0,串珠/绕珠,0,0,0,0,1628596,趣啦啦趣味生活专卖店,0,,淘气郎,,0,944,1,0,6841
1628597,1811995,1496,上海,1628597,0,1,0,3,29654,1628597,0,0,5117,5117,0,948423,966024,1496,0,积木拼插,0,0,0,0,1628597,趣啦啦趣味生活专卖店,0,,淘气郎,,0,962,1,0,6841
1628598,1811996,1496,上海,1628598,0,1,0,3,29654,1628598,0,0,5117,5117,0,948423,966024,1496,0,积木拼插,0,0,0,0,1628598,趣啦啦趣味生活专卖店,0,,淘气郎,,0,914,1,0,6841
1628619,1811997,1496,上海,1628619,0,1,0,3,29643,1628619,0,0,5117,5117,0,948423,966013,1496,0,敲打类,0,0,0,0,1628619,趣啦啦趣味生活专卖店,0,,淘气郎,,0,926,1,0,6841
1628745,1812105,1571,上海,1628745,0,1,0,3,5464,1628745,0,0,5135,5135,0,928007,5464,1571,0,牛肉类,0,0,0,0,1628745,科尔沁塔拉专营店,0,,科尔沁,,0,826,1,0,7582
1628851,1812194,930,上海,1628850,0,1,-1,3,20127,1628850,1,0,5134,5134,0,920137,956075,930,0,家务手套,0,0,0,0,1628851,瑞西屋旗舰店,0,,瑞西屋,,0,0,0,0,1361
1628852,1812195,930,上海,1628850,0,1,-1,3,20127,1628850,1,0,5134,5134,0,920137,956075,930,0,家务手套,0,0,0,0,1628852,瑞西屋旗舰店,0,,瑞西屋,,0,0,0,0,1361
1628853,1812196,930,上海,1628850,0,1,-1,3,20127,1628850,1,0,5134,5134,0,920137,956075,930,0,家务手套,0,0,0,0,1628853,瑞西屋旗舰店,0,,瑞西屋,,0,0,0,0,1361
1628854,1812197,930,上海,1628850,0,1,-1,3,20127,1628850,1,0,5134,5134,0,920137,956075,930,0,家务手套,0,0,0,0,1628854,瑞西屋旗舰店,0,,瑞西屋,,0,0,0,0,1361
1628608,1812298,1,上海,1628608,1,1,-1,3,7688,1628608,0,0,5009,5009,0,928926,7688,1,0,手部护理,0,1,0,0,1628608,1号店,0,,Shiseido/资生堂,,0,18,1,0,1
1628608,1812298,1,上海,1628608,1,1,-1,3,7688,1628608,0,0,5009,5009,0,928926,7688,1,0,手部护理,0,1,0,0,1628608,1号店,0,,Shiseido/资生堂,,0,18,1,0,1
1629102,1812442,1325,上海,1629101,0,1,-1,3,950359,1629101,1,0,950340,950340,0,925215,950359,1325,0,冬被,0,0,0,0,1629102,罗莱家纺官方旗舰店,0,,Luolai/罗莱,,0,0,0,0,5561
1629104,1812443,1325,上海,1629101,0,1,-1,3,950359,1629101,1,0,950340,950340,0,925215,950359,1325,0,冬被,0,0,0,0,1629104,罗莱家纺官方旗舰店,0,,Luolai/罗莱,,0,0,0,0,5561
1629105,1812445,1325,上海,1629101,0,1,-1,3,950359,1629101,1,0,950340,950340,0,925215,950359,1325,0,冬被,0,0,0,0,1629105,罗莱家纺官方旗舰店,0,,Luolai/罗莱,,0,0,0,0,5561
1629110,1812449,1325,上海,1629109,0,1,-1,3,950359,1629109,1,0,950340,950340,0,925215,950359,1325,0,冬被,0,0,0,0,1629110,罗莱家纺官方旗舰店,0,,Luolai/罗莱,,0,0,0,0,5561
1629111,1812450,1325,上海,1629109,0,1,-1,3,950359,1629109,1,0,950340,950340,0,925215,950359,1325,0,冬被,0,0,0,0,1629111,罗莱家纺官方旗舰店,0,,Luolai/罗莱,,0,0,0,0,5561
1629112,1812451,1325,上海,1629109,0,1,-1,3,950359,1629109,1,0,950340,950340,0,925215,950359,1325,0,冬被,0,0,0,0,1629112,罗莱家纺官方旗舰店,0,,Luolai/罗莱,,0,0,0,0,5561
1629121,1812457,1325,上海,1629119,0,1,-1,3,35976,1629119,1,0,950340,950340,0,925215,973253,1325,0,四件套,0,0,0,0,1629121,罗莱家纺官方旗舰店,0,,Luolai/罗莱,,0,0,0,0,5561
1629123,1812459,1325,上海,1629119,0,1,-1,3,35976,1629119,1,0,950340,950340,0,925215,973253,1325,0,四件套,0,0,0,0,1629123,罗莱家纺官方旗舰店,0,,Luolai/罗莱,,0,0,0,0,5561
1628608,1812298,1,上海,1628608,1,1,-1,3,7688,1628608,0,0,5009,5009,0,928926,7688,1,0,手部护理,0,1,0,0,1628608,1号店,0,,Shiseido/资生堂,,0,18,1,0,1
1628608,1812298,1,上海,1628608,1,1,-1,3,7688,1628608,0,0,5009,5009,0,928926,7688,1,0,手部护理,0,1,0,0,1628608,1号店,0,,Shiseido/资生堂,,0,18,1,0,1
1628608,1812298,1,上海,1628608,1,1,-1,3,7688,1628608,0,0,5009,5009,0,928926,7688,1,0,手部护理,0,1,0,0,1628608,1号店,0,,Shiseido/资生堂,,0,18,1,0,1
1603596,1789825,1,上海,1603596,1,1,-1,3,21280,1603596,0,0,21266,21266,0,930527,957344,1,0,电烤箱,0,1,0,0,1603596,1号店,0,http://d6.yihaodianimg.com/N02/M01/5F/D4/CgQCsVMBaqWALIUpAAAeODvtiMc456.jpg,Midea/美的,,0,0,0,0,1
1603596,1789825,1,上海,1603596,1,1,-1,3,21280,1603596,0,0,21266,21266,0,930527,957344,1,0,电烤箱,0,1,0,0,1603596,1号店,0,http://d6.yihaodianimg.com/N02/M01/5F/D4/CgQCsVMBaqWALIUpAAAeODvtiMc456.jpg,Midea/美的,,0,0,0,0,1
1628462,1811883,1,上海,1628462,1,1,-1,3,31857,1628462,0,0,8704,8704,0,906622,969075,1,0,保健饮品,0,1,0,0,1628462,1号店,0,http://d6.yihaodianimg.com/N00/M00/10/C2/CgMBmVKcTSSAKLywAAB1gouCp6w133.jpg,Cpt/康比特,,0,0,0,0,1
1628462,1811883,1,上海,1628462,1,1,-1,3,31857,1628462,0,0,8704,8704,0,906622,969075,1,0,保健饮品,0,1,0,0,1628462,1号店,0,http://d6.yihaodianimg.com/N00/M00/10/C2/CgMBmVKcTSSAKLywAAB1gouCp6w133.jpg,Cpt/康比特,,0,0,0,0,1
1628606,1811892,1,上海,1628606,1,1,-1,3,31626,1628606,0,0,8704,8704,0,902573,968676,1,0,复合维生素/矿物质,0,1,0,0,1628606,1号店,0,http://d6.yihaodianimg.com/N03/M0B/08/CD/CgQCs1KWzTuAAS46AACWHDhBE-A261.jpg,Hansal/好维乐,,0,39,1,0,1
1604957,1791417,1,上海,1604957,1,1,-1,3,31887,1604957,0,0,8704,8704,0,423,968880,1,0,燕窝,0,1,0,0,1604957,1号店,0,http://d6.yihaodianimg.com/N03/M02/08/EE/CgQCtVKWzU-AObXyAAB82S3zcVY623.jpg,恒寿堂,,0,0,0,0,1
1604955,1791419,1,上海,1604955,1,1,-1,3,31916,1604955,0,0,8704,8704,0,423,968903,1,0,灵芝片,0,1,0,0,1604955,1号店,0,http://d6.yihaodianimg.com/N03/M02/08/EE/CgQCtVKWzU-AObXyAAB82S3zcVY623.jpg,恒寿堂,,0,0,0,0,1
1604954,1791820,1,上海,1604954,1,1,-1,3,31910,1604954,0,0,8704,8704,0,423,968893,1,0,西洋参,0,1,0,0,1604954,1号店,0,http://d6.yihaodianimg.com/N03/M02/08/EE/CgQCtVKWzU-AObXyAAB82S3zcVY623.jpg,恒寿堂,,0,0,0,0,1
1604953,1791821,1,上海,1604953,1,1,-1,3,31910,1604953,0,0,8704,8704,0,423,968893,1,0,西洋参,0,1,0,0,1604953,1号店,0,http://d6.yihaodianimg.com/N03/M02/08/EE/CgQCtVKWzU-AObXyAAB82S3zcVY623.jpg,恒寿堂,,0,0,0,0,1
1604952,1791822,1,上海,1604952,1,1,-1,3,31910,1604952,0,0,8704,8704,0,423,968893,1,0,西洋参,0,1,0,0,1604952,1号店,0,http://d6.yihaodianimg.com/N03/M02/08/EE/CgQCtVKWzU-AObXyAAB82S3zcVY623.jpg,恒寿堂,,0,0,1,0,1
1629281,1812611,1322,上海,1342550,0,1,-1,3,28064,1342550,1,0,123,123,0,925382,964485,1322,0,睡衣/家居服套装,0,0,0,0,1629281,爱戴琳官方旗舰店,0,,Aidarling/爱戴琳,,0,0,0,0,5501
1629282,1812612,1322,上海,1342550,0,1,-1,3,28064,1342550,1,0,123,123,0,925382,964485,1322,0,睡衣/家居服套装,0,0,0,0,1629282,爱戴琳官方旗舰店,0,,Aidarling/爱戴琳,,0,0,0,0,5501
1629283,1812613,1322,上海,1342550,0,1,-1,3,28064,1342550,1,0,123,123,0,925382,964485,1322,0,睡衣/家居服套装,0,0,0,0,1629283,爱戴琳官方旗舰店,0,,Aidarling/爱戴琳,,0,0,0,0,5501
1629347,1812661,2022,上海,1629347,0,1,-1,3,27369,1629347,0,0,5135,5135,0,929253,963687,2022,0,花草茶,0,0,0,0,1629347,简品100专营店,0,,简品100,,0,895,1,0,9310
1629353,1812664,1322,上海,1629352,0,1,-1,3,28064,1629352,1,0,123,123,0,925382,964485,1322,0,睡衣/家居服套装,0,0,0,0,1629353,爱戴琳官方旗舰店,0,,Aidarling/爱戴琳,,0,0,0,0,5501
1629354,1812665,1322,上海,1629352,0,1,-1,3,28064,1629352,1,0,123,123,0,925382,964485,1322,0,睡衣/家居服套装,0,0,0,0,1629354,爱戴琳官方旗舰店,0,,Aidarling/爱戴琳,,0,0,0,0,5501
1604951,1791823,1,上海,1604951,1,1,-1,3,31910,1604951,0,0,8704,8704,0,423,968893,1,0,西洋参,0,1,0,0,1604951,1号店,0,http://d6.yihaodianimg.com/N03/M02/08/EE/CgQCtVKWzU-AObXyAAB82S3zcVY623.jpg,恒寿堂,,0,0,0,0,1
1604950,1791824,1,上海,1604950,1,1,-1,3,31887,1604950,0,0,8704,8704,0,423,968880,1,0,燕窝,0,1,0,0,1604950,1号店,0,http://d6.yihaodianimg.com/N03/M02/08/EE/CgQCtVKWzU-AObXyAAB82S3zcVY623.jpg,恒寿堂,,0,0,0,0,1
1604949,1791825,1,上海,1604949,1,1,-1,3,31627,1604949,0,0,8704,8704,0,423,968677,1,0,钙,0,1,0,0,1604949,1号店,0,http://d6.yihaodianimg.com/N03/M02/08/EE/CgQCtVKWzU-AObXyAAB82S3zcVY623.jpg,恒寿堂,,0,0,1,0,1
1604948,1791826,1,上海,1604948,1,1,-1,3,31626,1604948,0,0,8704,8704,0,903653,968676,1,0,复合维生素/矿物质,0,1,0,0,1604948,1号店,0,http://d6.yihaodianimg.com/N00/M04/0E/4A/CgQCtlKWzaiATupgAACZT2Q_Vxs408.jpg,Sunlife/果健康,,0,24,1,0,1
1604947,1791827,1,上海,1604947,1,1,-1,3,31627,1604947,0,0,8704,8704,0,902573,968677,1,0,钙,0,1,0,0,1604947,1号店,0,http://d6.yihaodianimg.com/N03/M0B/08/CD/CgQCs1KWzTuAAS46AACWHDhBE-A261.jpg,Hansal/好维乐,,0,44,1,0,1
1604946,1791828,1,上海,1604946,1,1,-1,3,31711,1604946,0,0,8704,8704,0,902573,968815,1,0,维生素C,0,1,0,0,1604946,1号店,0,http://d6.yihaodianimg.com/N03/M0B/08/CD/CgQCs1KWzTuAAS46AACWHDhBE-A261.jpg,Hansal/好维乐,,0,1201,1,0,1
1604945,1791829,1,上海,1604945,1,1,-1,3,31626,1604945,0,0,8704,8704,0,902573,968676,1,0,复合维生素/矿物质,0,1,0,0,1604945,1号店,0,http://d6.yihaodianimg.com/N03/M0B/08/CD/CgQCs1KWzTuAAS46AACWHDhBE-A261.jpg,Hansal/好维乐,,0,853,1,0,1
1628606,1811892,1,上海,1628606,1,1,-1,3,31626,1628606,0,0,8704,8704,0,902573,968676,1,0,复合维生素/矿物质,0,1,0,0,1628606,1号店,0,http://d6.yihaodianimg.com/N03/M0B/08/CD/CgQCs1KWzTuAAS46AACWHDhBE-A261.jpg,Hansal/好维乐,,0,39,1,0,1
1604957,1791417,1,上海,1604957,1,1,-1,3,31887,1604957,0,0,8704,8704,0,423,968880,1,0,燕窝,0,1,0,0,1604957,1号店,0,http://d6.yihaodianimg.com/N03/M02/08/EE/CgQCtVKWzU-AObXyAAB82S3zcVY623.jpg,恒寿堂,,0,0,0,0,1
1604955,1791419,1,上海,1604955,1,1,-1,3,31916,1604955,0,0,8704,8704,0,423,968903,1,0,灵芝片,0,1,0,0,1604955,1号店,0,http://d6.yihaodianimg.com/N03/M02/08/EE/CgQCtVKWzU-AObXyAAB82S3zcVY623.jpg,恒寿堂,,0,0,0,0,1
1604954,1791820,1,上海,1604954,1,1,-1,3,31910,1604954,0,0,8704,8704,0,423,968893,1,0,西洋参,0,1,0,0,1604954,1号店,0,http://d6.yihaodianimg.com/N03/M02/08/EE/CgQCtVKWzU-AObXyAAB82S3zcVY623.jpg,恒寿堂,,0,0,0,0,1
1604953,1791821,1,上海,1604953,1,1,-1,3,31910,1604953,0,0,8704,8704,0,423,968893,1,0,西洋参,0,1,0,0,1604953,1号店,0,http://d6.yihaodianimg.com/N03/M02/08/EE/CgQCtVKWzU-AObXyAAB82S3zcVY623.jpg,恒寿堂,,0,0,0,0,1
1604952,1791822,1,上海,1604952,1,1,-1,3,31910,1604952,0,0,8704,8704,0,423,968893,1,0,西洋参,0,1,0,0,1604952,1号店,0,http://d6.yihaodianimg.com/N03/M02/08/EE/CgQCtVKWzU-AObXyAAB82S3zcVY623.jpg,恒寿堂,,0,0,1,0,1
1604951,1791823,1,上海,1604951,1,1,-1,3,31910,1604951,0,0,8704,8704,0,423,968893,1,0,西洋参,0,1,0,0,1604951,1号店,0,http://d6.yihaodianimg.com/N03/M02/08/EE/CgQCtVKWzU-AObXyAAB82S3zcVY623.jpg,恒寿堂,,0,0,0,0,1
1604950,1791824,1,上海,1604950,1,1,-1,3,31887,1604950,0,0,8704,8704,0,423,968880,1,0,燕窝,0,1,0,0,1604950,1号店,0,http://d6.yihaodianimg.com/N03/M02/08/EE/CgQCtVKWzU-AObXyAAB82S3zcVY623.jpg,恒寿堂,,0,0,0,0,1
1604949,1791825,1,上海,1604949,1,1,-1,3,31627,1604949,0,0,8704,8704,0,423,968677,1,0,钙,0,1,0,0,1604949,1号店,0,http://d6.yihaodianimg.com/N03/M02/08/EE/CgQCtVKWzU-AObXyAAB82S3zcVY623.jpg,恒寿堂,,0,0,1,0,1
1604948,1791826,1,上海,1604948,1,1,-1,3,31626,1604948,0,0,8704,8704,0,903653,968676,1,0,复合维生素/矿物质,0,1,0,0,1604948,1号店,0,http://d6.yihaodianimg.com/N00/M04/0E/4A/CgQCtlKWzaiATupgAACZT2Q_Vxs408.jpg,Sunlife/果健康,,0,24,1,0,1
1604947,1791827,1,上海,1604947,1,1,-1,3,31627,1604947,0,0,8704,8704,0,902573,968677,1,0,钙,0,1,0,0,1604947,1号店,0,http://d6.yihaodianimg.com/N03/M0B/08/CD/CgQCs1KWzTuAAS46AACWHDhBE-A261.jpg,Hansal/好维乐,,0,44,1,0,1
1604946,1791828,1,上海,1604946,1,1,-1,3,31711,1604946,0,0,8704,8704,0,902573,968815,1,0,维生素C,0,1,0,0,1604946,1号店,0,http://d6.yihaodianimg.com/N03/M0B/08/CD/CgQCs1KWzTuAAS46AACWHDhBE-A261.jpg,Hansal/好维乐,,0,1201,1,0,1
1604945,1791829,1,上海,1604945,1,1,-1,3,31626,1604945,0,0,8704,8704,0,902573,968676,1,0,复合维生素/矿物质,0,1,0,0,1604945,1号店,0,http://d6.yihaodianimg.com/N03/M0B/08/CD/CgQCs1KWzTuAAS46AACWHDhBE-A261.jpg,Hansal/好维乐,,0,853,1,0,1
1629440,1812781,1073,上海,1333205,0,1,-1,3,32356,1333205,1,0,32258,32258,0,921177,969453,1073,0,项链,0,0,0,0,1629440,T400旗舰店,0,,T400,,0,0,1,0,2081
1629759,1813066,1114,上海,1629759,0,1,-1,3,23945,1629759,0,0,21266,21266,0,930400,960264,1114,0,抱枕靠枕,0,0,0,0,1629759,木丁西汽车用品专营店,0,http://d6.yihaodianimg.com/N04/M04/D4/32/CgQDrlKhYfKAUkCcAABhdfARzlw337.jpg,张小盒,,0,0,0,0,2581
1629760,1813067,1114,上海,1629760,0,1,-1,3,23945,1629760,0,0,21266,21266,0,930400,960264,1114,0,抱枕靠枕,0,0,0,0,1629760,木丁西汽车用品专营店,0,http://d6.yihaodianimg.com/N04/M04/D4/32/CgQDrlKhYfKAUkCcAABhdfARzlw337.jpg,张小盒,,0,0,0,0,2581
1629764,1813070,1114,上海,1629764,0,1,-1,3,23945,1629764,0,0,21266,21266,0,930400,960264,1114,0,抱枕靠枕,0,0,0,0,1629764,木丁西汽车用品专营店,0,http://d6.yihaodianimg.com/N04/M04/D4/32/CgQDrlKhYfKAUkCcAABhdfARzlw337.jpg,张小盒,,0,0,0,0,2581
1629769,1813075,1114,上海,1629769,0,1,-1,3,23945,1629769,0,0,21266,21266,0,930400,960264,1114,0,抱枕靠枕,0,0,0,0,1629769,木丁西汽车用品专营店,0,http://d6.yihaodianimg.com/N04/M04/D4/32/CgQDrlKhYfKAUkCcAABhdfARzlw337.jpg,张小盒,,0,0,0,0,2581
1629774,1813080,1114,上海,1629774,0,1,-1,3,24124,1629774,0,0,21266,21266,0,930400,960446,1114,0,车用收纳,0,0,0,0,1629774,木丁西汽车用品专营店,0,http://d6.yihaodianimg.com/N04/M04/D4/32/CgQDrlKhYfKAUkCcAABhdfARzlw337.jpg,张小盒,,0,0,0,0,2581
1629775,1813081,1114,上海,1629775,0,1,-1,3,23951,1629775,0,0,21266,21266,0,930400,960270,1114,0,其它精品,0,0,0,0,1629775,木丁西汽车用品专营店,0,http://d6.yihaodianimg.com/N04/M04/D4/32/CgQDrlKhYfKAUkCcAABhdfARzlw337.jpg,张小盒,,0,0,0,0,2581
1629778,1813083,1114,上海,1629778,0,1,-1,3,23945,1629778,0,0,21266,21266,0,930400,960264,1114,0,抱枕靠枕,0,0,0,0,1629778,木丁西汽车用品专营店,0,http://d6.yihaodianimg.com/N04/M04/D4/32/CgQDrlKhYfKAUkCcAABhdfARzlw337.jpg,张小盒,,0,0,0,0,2581
1629781,1813086,1114,上海,1629781,0,1,0,3,23945,1629781,0,0,21266,21266,0,944323,960264,1114,0,抱枕靠枕,0,0,0,0,1629781,木丁西汽车用品专营店,0,,Mocmoc/美车仔,,0,853,1,0,2581
1629786,1813091,1114,上海,1629786,0,1,-1,3,24124,1629786,0,0,21266,21266,0,930400,960446,1114,0,车用收纳,0,0,0,0,1629786,木丁西汽车用品专营店,0,http://d6.yihaodianimg.com/N04/M04/D4/32/CgQDrlKhYfKAUkCcAABhdfARzlw337.jpg,张小盒,,0,0,0,0,2581
1629790,1813095,1114,上海,1629790,0,1,-1,3,24124,1629790,0,0,21266,21266,0,930400,960446,1114,0,车用收纳,0,0,0,0,1629790,木丁西汽车用品专营店,0,http://d6.yihaodianimg.com/N04/M04/D4/32/CgQDrlKhYfKAUkCcAABhdfARzlw337.jpg,张小盒,,0,0,0,0,2581
1629791,1813096,1114,上海,1629791,0,1,-1,3,23951,1629791,0,0,21266,21266,0,930400,960270,1114,0,其它精品,0,0,0,0,1629791,木丁西汽车用品专营店,0,http://d6.yihaodianimg.com/N04/M04/D4/32/CgQDrlKhYfKAUkCcAABhdfARzlw337.jpg,张小盒,,0,0,0,0,2581
1629857,1813157,1750,上海,1629856,0,1,7,3,35976,1629856,1,0,950340,950340,0,905161,973253,1750,0,四件套,0,0,0,0,1629857,恒源祥家纺专卖店,0,http://d6.yihaodianimg.com/N04/M03/08/0E/CgQDrVLh8K2AXd_aAACa7QWd88U935.jpg,恒源祥,,0,26,1,0,8961
1629860,1813159,1750,上海,1629856,0,1,0,3,35976,1629856,1,0,950340,950340,0,905161,973253,1750,0,四件套,0,0,0,0,1629860,恒源祥家纺专卖店,0,http://d6.yihaodianimg.com/N04/M03/08/0E/CgQDrVLh8K2AXd_aAACa7QWd88U935.jpg,恒源祥,,0,30,1,0,8961
1629957,1813247,1813,上海,1629957,0,1,-1,3,950377,1629957,0,0,950340,950340,0,928630,950377,1813,0,鞋架,0,0,0,0,1629957,泉众万源家居旗舰店,0,,泉众万源,,0,87,1,0,9232
1629982,1813263,961,上海,1629981,0,1,-1,3,28115,1629981,1,0,123,123,0,925381,964538,961,0,连衣裙,0,0,0,0,1629982,韩都衣舍旗舰店,0,,HSTYLE/韩都衣舍,,0,0,1,0,1461
1629982,1813263,961,上海,1629981,0,1,-1,3,28115,1629981,1,0,123,123,0,925381,964538,961,0,连衣裙,0,0,0,0,1629982,韩都衣舍旗舰店,0,,HSTYLE/韩都衣舍,,0,0,1,0,1461
1629982,1813263,961,上海,1629981,0,1,-1,3,28115,1629981,1,0,123,123,0,925381,964538,961,0,连衣裙,0,0,0,0,1629982,韩都衣舍旗舰店,0,,HSTYLE/韩都衣舍,,0,0,1,0,1461
1629982,1813263,961,上海,1629981,0,1,-1,3,28115,1629981,1,0,123,123,0,925381,964538,961,0,连衣裙,0,0,0,0,1629982,韩都衣舍旗舰店,0,,HSTYLE/韩都衣舍,,0,0,1,0,1461
1630002,1813279,961,上海,1629994,0,1,-1,3,20973,1629994,1,0,123,123,0,925381,956980,961,0,打底裤,0,0,0,0,1630002,韩都衣舍旗舰店,0,,HSTYLE/韩都衣舍,,0,2,1,0,1461
1630002,1813279,961,上海,1629994,0,1,-1,3,20973,1629994,1,0,123,123,0,925381,956980,961,0,打底裤,0,0,0,0,1630002,韩都衣舍旗舰店,0,,HSTYLE/韩都衣舍,,0,2,1,0,1461
1630002,1813279,961,上海,1629994,0,1,-1,3,20973,1629994,1,0,123,123,0,925381,956980,961,0,打底裤,0,0,0,0,1630002,韩都衣舍旗舰店,0,,HSTYLE/韩都衣舍,,0,2,1,0,1461
1630002,1813279,961,上海,1629994,0,1,-1,3,20973,1629994,1,0,123,123,0,925381,956980,961,0,打底裤,0,0,0,0,1630002,韩都衣舍旗舰店,0,,HSTYLE/韩都衣舍,,0,2,1,0,1461
1630002,1813279,961,上海,1629994,0,1,-1,3,20973,1629994,1,0,123,123,0,925381,956980,961,0,打底裤,0,0,0,0,1630002,韩都衣舍旗舰店,0,,HSTYLE/韩都衣舍,,0,2,1,0,1461
1630002,1813279,961,上海,1629994,0,1,-1,3,20973,1629994,1,0,123,123,0,925381,956980,961,0,打底裤,0,0,0,0,1630002,韩都衣舍旗舰店,0,,HSTYLE/韩都衣舍,,0,2,1,0,1461
1630002,1813279,961,上海,1629994,0,1,-1,3,20973,1629994,1,0,123,123,0,925381,956980,961,0,打底裤,0,0,0,0,1630002,韩都衣舍旗舰店,0,,HSTYLE/韩都衣舍,,0,2,1,0,1461
1630002,1813279,961,上海,1629994,0,1,-1,3,20973,1629994,1,0,123,123,0,925381,956980,961,0,打底裤,0,0,0,0,1630002,韩都衣舍旗舰店,0,,HSTYLE/韩都衣舍,,0,2,1,0,1461
1630068,1813333,961,上海,1630067,0,1,-1,3,19560,1630067,1,0,123,123,0,925381,954857,961,0,风衣,0,0,0,0,1630068,韩都衣舍旗舰店,0,,HSTYLE/韩都衣舍,,0,0,0,0,1461
1630110,1813367,961,上海,1630109,0,1,-1,3,28111,1630109,1,0,123,123,0,925381,964534,961,0,T恤,0,0,0,0,1630110,韩都衣舍旗舰店,0,,HSTYLE/韩都衣舍,,0,0,1,0,1461
1630111,1813368,961,上海,1630109,0,1,-1,3,28111,1630109,1,0,123,123,0,925381,964534,961,0,T恤,0,0,0,0,1630111,韩都衣舍旗舰店,0,,HSTYLE/韩都衣舍,,0,46,1,0,1461
1630115,1813372,961,上海,1630109,0,1,-1,3,28111,1630109,1,0,123,123,0,925381,964534,961,0,T恤,0,0,0,0,1630115,韩都衣舍旗舰店,0,,HSTYLE/韩都衣舍,,0,30,1,0,1461
1630113,1813370,961,上海,1630109,0,1,-1,3,28111,1630109,1,0,123,123,0,925381,964534,961,0,T恤,0,0,0,0,1630113,韩都衣舍旗舰店,0,,HSTYLE/韩都衣舍,,0,0,1,0,1461
1630114,1813371,961,上海,1630109,0,1,-1,3,28111,1630109,1,0,123,123,0,925381,964534,961,0,T恤,0,0,0,0,1630114,韩都衣舍旗舰店,0,,HSTYLE/韩都衣舍,,0,0,1,0,1461
1630115,1813372,961,上海,1630109,0,1,-1,3,28111,1630109,1,0,123,123,0,925381,964534,961,0,T恤,0,0,0,0,1630115,韩都衣舍旗舰店,0,,HSTYLE/韩都衣舍,,0,30,1,0,1461
1630115,1813372,961,上海,1630109,0,1,-1,3,28111,1630109,1,0,123,123,0,925381,964534,961,0,T恤,0,0,0,0,1630115,韩都衣舍旗舰店,0,,HSTYLE/韩都衣舍,,0,30,1,0,1461
1630117,1813374,961,上海,1630109,0,1,-1,3,28111,1630109,1,0,123,123,0,925381,964534,961,0,T恤,0,0,0,0,1630117,韩都衣舍旗舰店,0,,HSTYLE/韩都衣舍,,0,0,1,0,1461
1630119,1813375,961,上海,1630118,0,1,-1,3,31939,1630118,1,0,123,123,0,925381,969137,961,0,毛衣,0,0,0,0,1630119,韩都衣舍旗舰店,0,,HSTYLE/韩都衣舍,,0,0,0,0,1461
1630240,1813467,1322,上海,1630239,0,1,-1,3,28064,1630239,1,0,123,123,0,925382,964485,1322,0,睡衣/家居服套装,0,0,0,0,1630240,爱戴琳官方旗舰店,0,,Aidarling/爱戴琳,,0,0,0,0,5501
1630241,1813468,1322,上海,1630239,0,1,-1,3,28064,1630239,1,0,123,123,0,925382,964485,1322,0,睡衣/家居服套装,0,0,0,0,1630241,爱戴琳官方旗舰店,0,,Aidarling/爱戴琳,,0,0,0,0,5501
1630321,1813537,1344,上海,1630320,0,1,-1,3,19602,1630320,1,0,123,123,0,926512,954911,1344,0,牛仔裤,0,0,0,0,1630321,公子一派旗舰店,0,,Gongziyipai/公子一派,,0,0,0,0,5882
1630322,1813538,1344,上海,1630320,0,1,-1,3,19602,1630320,1,0,123,123,0,926512,954911,1344,0,牛仔裤,0,0,0,0,1630322,公子一派旗舰店,0,,Gongziyipai/公子一派,,0,0,0,0,5882
1630323,1813539,1344,上海,1630320,0,1,-1,3,19602,1630320,1,0,123,123,0,926512,954911,1344,0,牛仔裤,0,0,0,0,1630323,公子一派旗舰店,0,,Gongziyipai/公子一派,,0,0,0,0,5882
1630324,1813540,1344,上海,1630320,0,1,-1,3,19602,1630320,1,0,123,123,0,926512,954911,1344,0,牛仔裤,0,0,0,0,1630324,公子一派旗舰店,0,,Gongziyipai/公子一派,,0,0,0,0,5882
1630325,1813541,1344,上海,1630320,0,1,-1,3,19602,1630320,1,0,123,123,0,926512,954911,1344,0,牛仔裤,0,0,0,0,1630325,公子一派旗舰店,0,,Gongziyipai/公子一派,,0,0,0,0,5882
1630326,1813542,1344,上海,1630320,0,1,-1,3,19602,1630320,1,0,123,123,0,926512,954911,1344,0,牛仔裤,0,0,0,0,1630326,公子一派旗舰店,0,,Gongziyipai/公子一派,,0,0,0,0,5882
1630327,1813543,1344,上海,1630320,0,1,-1,3,19602,1630320,1,0,123,123,0,926512,954911,1344,0,牛仔裤,0,0,0,0,1630327,公子一派旗舰店,0,,Gongziyipai/公子一派,,0,0,0,0,5882
1630328,1813544,1344,上海,1630320,0,1,-1,3,19602,1630320,1,0,123,123,0,926512,954911,1344,0,牛仔裤,0,0,0,0,1630328,公子一派旗舰店,0,,Gongziyipai/公子一派,,0,0,0,0,5882
1630338,1813552,1344,上海,1630337,0,1,-1,3,19610,1630337,1,0,123,123,0,926512,954924,1344,0,棉衣,0,0,0,0,1630338,公子一派旗舰店,0,,Gongziyipai/公子一派,,0,0,0,0,5882
1630340,1813553,1344,上海,1630337,0,1,-1,3,19610,1630337,1,0,123,123,0,926512,954924,1344,0,棉衣,0,0,0,0,1630340,公子一派旗舰店,0,,Gongziyipai/公子一派,,0,0,0,0,5882
1630341,1813555,1344,上海,1630337,0,1,-1,3,19610,1630337,1,0,123,123,0,926512,954924,1344,0,棉衣,0,0,0,0,1630341,公子一派旗舰店,0,,Gongziyipai/公子一派,,0,0,0,0,5882
1630342,1813556,1344,上海,1630337,0,1,-1,3,19610,1630337,1,0,123,123,0,926512,954924,1344,0,棉衣,0,0,0,0,1630342,公子一派旗舰店,0,,Gongziyipai/公子一派,,0,0,0,0,5882
1630343,1813557,1344,上海,1630337,0,1,-1,3,19610,1630337,1,0,123,123,0,926512,954924,1344,0,棉衣,0,0,0,0,1630343,公子一派旗舰店,0,,Gongziyipai/公子一派,,0,0,0,0,5882
1630370,1813580,1344,上海,1630369,0,1,-1,3,28085,1630369,1,0,123,123,0,926512,964508,1344,0,针织衫/毛衣,0,0,0,0,1630370,公子一派旗舰店,0,,Gongziyipai/公子一派,,0,0,0,0,5882
1630371,1813581,1344,上海,1630369,0,1,-1,3,28085,1630369,1,0,123,123,0,926512,964508,1344,0,针织衫/毛衣,0,0,0,0,1630371,公子一派旗舰店,0,,Gongziyipai/公子一派,,0,0,0,0,5882
1630374,1813583,1344,上海,1630369,0,1,-1,3,28085,1630369,1,0,123,123,0,926512,964508,1344,0,针织衫/毛衣,0,0,0,0,1630374,公子一派旗舰店,0,,Gongziyipai/公子一派,,0,0,0,0,5882
1630375,1813584,1344,上海,1630369,0,1,-1,3,28085,1630369,1,0,123,123,0,926512,964508,1344,0,针织衫/毛衣,0,0,0,0,1630375,公子一派旗舰店,0,,Gongziyipai/公子一派,,0,0,0,0,5882
1630377,1813586,1344,上海,1630369,0,1,-1,3,28085,1630369,1,0,123,123,0,926512,964508,1344,0,针织衫/毛衣,0,0,0,0,1630377,公子一派旗舰店,0,,Gongziyipai/公子一派,,0,0,0,0,5882
1630383,1813590,1344,上海,1630382,0,1,-1,3,28085,1630382,1,0,123,123,0,926512,964508,1344,0,针织衫/毛衣,0,0,0,0,1630383,公子一派旗舰店,0,,Gongziyipai/公子一派,,0,0,0,0,5882
1630385,1813592,1344,上海,1630382,0,1,-1,3,28085,1630382,1,0,123,123,0,926512,964508,1344,0,针织衫/毛衣,0,0,0,0,1630385,公子一派旗舰店,0,,Gongziyipai/公子一派,,0,0,0,0,5882
1630386,1813593,1344,上海,1630382,0,1,-1,3,28085,1630382,1,0,123,123,0,926512,964508,1344,0,针织衫/毛衣,0,0,0,0,1630386,公子一派旗舰店,0,,Gongziyipai/公子一派,,0,0,0,0,5882
1630388,1813595,1344,上海,1630382,0,1,-1,3,28085,1630382,1,0,123,123,0,926512,964508,1344,0,针织衫/毛衣,0,0,0,0,1630388,公子一派旗舰店,0,,Gongziyipai/公子一派,,0,0,0,0,5882
1630390,1813597,1344,上海,1630382,0,1,-1,3,28085,1630382,1,0,123,123,0,926512,964508,1344,0,针织衫/毛衣,0,0,0,0,1630390,公子一派旗舰店,0,,Gongziyipai/公子一派,,0,0,0,0,5882
1630396,1813601,1344,上海,1630395,0,1,-1,3,19602,1630395,1,0,123,123,0,926512,954911,1344,0,牛仔裤,0,0,0,0,1630396,公子一派旗舰店,0,,Gongziyipai/公子一派,,0,0,0,0,5882
1630398,1813603,1344,上海,1630395,0,1,-1,3,19602,1630395,1,0,123,123,0,926512,954911,1344,0,牛仔裤,0,0,0,0,1630398,公子一派旗舰店,0,,Gongziyipai/公子一派,,0,0,0,0,5882
1630399,1813604,1344,上海,1630395,0,1,-1,3,19602,1630395,1,0,123,123,0,926512,954911,1344,0,牛仔裤,0,0,0,0,1630399,公子一派旗舰店,0,,Gongziyipai/公子一派,,0,0,0,0,5882
1630400,1813605,1344,上海,1630395,0,1,-1,3,19602,1630395,1,0,123,123,0,926512,954911,1344,0,牛仔裤,0,0,0,0,1630400,公子一派旗舰店,0,,Gongziyipai/公子一派,,0,0,0,0,5882
1630401,1813606,1344,上海,1630395,0,1,-1,3,19602,1630395,1,0,123,123,0,926512,954911,1344,0,牛仔裤,0,0,0,0,1630401,公子一派旗舰店,0,,Gongziyipai/公子一派,,0,0,0,0,5882
1630402,1813607,1344,上海,1630395,0,1,-1,3,19602,1630395,1,0,123,123,0,926512,954911,1344,0,牛仔裤,0,0,0,0,1630402,公子一派旗舰店,0,,Gongziyipai/公子一派,,0,0,0,0,5882
1630403,1813608,1344,上海,1630395,0,1,-1,3,19602,1630395,1,0,123,123,0,926512,954911,1344,0,牛仔裤,0,0,0,0,1630403,公子一派旗舰店,0,,Gongziyipai/公子一派,,0,0,0,0,5882
1630404,1813609,1344,上海,1630395,0,1,-1,3,19602,1630395,1,0,123,123,0,926512,954911,1344,0,牛仔裤,0,0,0,0,1630404,公子一派旗舰店,0,,Gongziyipai/公子一派,,0,0,0,0,5882
1630411,1813614,1344,上海,1630410,0,1,-1,3,19612,1630410,1,0,123,123,0,926512,954923,1344,0,羽绒服,0,0,0,0,1630411,公子一派旗舰店,0,,Gongziyipai/公子一派,,0,0,0,0,5882
1630412,1813615,1344,上海,1630410,0,1,-1,3,19612,1630410,1,0,123,123,0,926512,954923,1344,0,羽绒服,0,0,0,0,1630412,公子一派旗舰店,0,,Gongziyipai/公子一派,,0,0,0,0,5882
1630413,1813616,1344,上海,1630410,0,1,-1,3,19612,1630410,1,0,123,123,0,926512,954923,1344,0,羽绒服,0,0,0,0,1630413,公子一派旗舰店,0,,Gongziyipai/公子一派,,0,0,0,0,5882
1630414,1813617,1344,上海,1630410,0,1,-1,3,19612,1630410,1,0,123,123,0,926512,954923,1344,0,羽绒服,0,0,0,0,1630414,公子一派旗舰店,0,,Gongziyipai/公子一派,,0,0,0,0,5882
1630417,1813619,1344,上海,1630410,0,1,-1,3,19612,1630410,1,0,123,123,0,926512,954923,1344,0,羽绒服,0,0,0,0,1630417,公子一派旗舰店,0,,Gongziyipai/公子一派,,0,0,0,0,5882
1630431,1813631,1344,上海,1630421,0,1,-1,3,19612,1630421,1,0,123,123,0,926512,954923,1344,0,羽绒服,0,0,0,0,1630431,公子一派旗舰店,0,,Gongziyipai/公子一派,,0,0,0,0,5882
1630423,1813624,1344,上海,1630421,0,1,-1,3,19612,1630421,1,0,123,123,0,926512,954923,1344,0,羽绒服,0,0,0,0,1630423,公子一派旗舰店,0,,Gongziyipai/公子一派,,0,0,0,0,5882
1630427,1813627,1344,上海,1630421,0,1,-1,3,19612,1630421,1,0,123,123,0,926512,954923,1344,0,羽绒服,0,0,0,0,1630427,公子一派旗舰店,0,,Gongziyipai/公子一派,,0,0,0,0,5882
1630430,1813630,1344,上海,1630421,0,1,-1,3,19612,1630421,1,0,123,123,0,926512,954923,1344,0,羽绒服,0,0,0,0,1630430,公子一派旗舰店,0,,Gongziyipai/公子一派,,0,0,0,0,5882
1630431,1813631,1344,上海,1630421,0,1,-1,3,19612,1630421,1,0,123,123,0,926512,954923,1344,0,羽绒服,0,0,0,0,1630431,公子一派旗舰店,0,,Gongziyipai/公子一派,,0,0,0,0,5882
1630435,1813633,1344,上海,1630434,0,1,-1,3,28085,1630434,1,0,123,123,0,926512,964508,1344,0,针织衫/毛衣,0,0,0,0,1630435,公子一派旗舰店,0,,Gongziyipai/公子一派,,0,0,0,0,5882
1630436,1813634,1344,上海,1630434,0,1,-1,3,28085,1630434,1,0,123,123,0,926512,964508,1344,0,针织衫/毛衣,0,0,0,0,1630436,公子一派旗舰店,0,,Gongziyipai/公子一派,,0,0,0,0,5882
1630437,1813635,1344,上海,1630434,0,1,-1,3,28085,1630434,1,0,123,123,0,926512,964508,1344,0,针织衫/毛衣,0,0,0,0,1630437,公子一派旗舰店,0,,Gongziyipai/公子一派,,0,0,0,0,5882
1630438,1813636,1344,上海,1630434,0,1,-1,3,28085,1630434,1,0,123,123,0,926512,964508,1344,0,针织衫/毛衣,0,0,0,0,1630438,公子一派旗舰店,0,,Gongziyipai/公子一派,,0,0,0,0,5882
1630439,1813637,1344,上海,1630434,0,1,-1,3,28085,1630434,1,0,123,123,0,926512,964508,1344,0,针织衫/毛衣,0,0,0,0,1630439,公子一派旗舰店,0,,Gongziyipai/公子一派,,0,0,0,0,5882
1630441,1813638,1344,上海,1630440,0,1,-1,3,28085,1630440,1,0,123,123,0,926512,964508,1344,0,针织衫/毛衣,0,0,0,0,1630441,公子一派旗舰店,0,,Gongziyipai/公子一派,,0,0,0,0,5882
1630442,1813639,1344,上海,1630440,0,1,-1,3,28085,1630440,1,0,123,123,0,926512,964508,1344,0,针织衫/毛衣,0,0,0,0,1630442,公子一派旗舰店,0,,Gongziyipai/公子一派,,0,0,0,0,5882
1630443,1813640,1344,上海,1630440,0,1,-1,3,28085,1630440,1,0,123,123,0,926512,964508,1344,0,针织衫/毛衣,0,0,0,0,1630443,公子一派旗舰店,0,,Gongziyipai/公子一派,,0,0,0,0,5882
1630444,1813641,1344,上海,1630440,0,1,-1,3,28085,1630440,1,0,123,123,0,926512,964508,1344,0,针织衫/毛衣,0,0,0,0,1630444,公子一派旗舰店,0,,Gongziyipai/公子一派,,0,0,0,0,5882
1630445,1813642,1344,上海,1630440,0,1,-1,3,28085,1630440,1,0,123,123,0,926512,964508,1344,0,针织衫/毛衣,0,0,0,0,1630445,公子一派旗舰店,0,,Gongziyipai/公子一派,,0,0,0,0,5882
1630462,1813656,1282,上海,1630461,0,1,-1,3,28111,1630461,1,0,123,123,0,925310,964534,1282,0,T恤,0,0,0,0,1630462,七格格旗舰店,0,,IAIZO,,0,0,0,0,5101
1630463,1813657,1282,上海,1630461,0,1,-1,3,28111,1630461,1,0,123,123,0,925310,964534,1282,0,T恤,0,0,0,0,1630463,七格格旗舰店,0,,IAIZO,,0,8,1,0,5101
1630464,1813658,1282,上海,1630461,0,1,-1,3,28111,1630461,1,0,123,123,0,925310,964534,1282,0,T恤,0,0,0,0,1630464,七格格旗舰店,0,,IAIZO,,0,0,0,0,5101
1630465,1813659,1282,上海,1630461,0,1,-1,3,28111,1630461,1,0,123,123,0,925310,964534,1282,0,T恤,0,0,0,0,1630465,七格格旗舰店,0,,IAIZO,,0,0,0,0,5101
1630466,1813660,1282,上海,1630461,0,1,-1,3,28111,1630461,1,0,123,123,0,925310,964534,1282,0,T恤,0,0,0,0,1630466,七格格旗舰店,0,,IAIZO,,0,0,0,0,5101
1630467,1813661,1282,上海,1630461,0,1,-1,3,28111,1630461,1,0,123,123,0,925310,964534,1282,0,T恤,0,0,0,0,1630467,七格格旗舰店,0,,IAIZO,,0,0,0,0,5101
1630468,1813662,1282,上海,1630461,0,1,-1,3,28111,1630461,1,0,123,123,0,925310,964534,1282,0,T恤,0,0,0,0,1630468,七格格旗舰店,0,,IAIZO,,0,0,1,0,5101
1630469,1813663,1282,上海,1630461,0,1,-1,3,28111,1630461,1,0,123,123,0,925310,964534,1282,0,T恤,0,0,0,0,1630469,七格格旗舰店,0,,IAIZO,,0,0,1,0,5101
1630470,1813664,1282,上海,1630461,0,1,-1,3,28111,1630461,1,0,123,123,0,925310,964534,1282,0,T恤,0,0,0,0,1630470,七格格旗舰店,0,,IAIZO,,0,0,0,0,5101
1630471,1813665,1282,上海,1630461,0,1,-1,3,28111,1630461,1,0,123,123,0,925310,964534,1282,0,T恤,0,0,0,0,1630471,七格格旗舰店,0,,IAIZO,,0,0,0,0,5101
1630472,1813666,1282,上海,1630461,0,1,-1,3,28111,1630461,1,0,123,123,0,925310,964534,1282,0,T恤,0,0,0,0,1630472,七格格旗舰店,0,,IAIZO,,0,0,0,0,5101
1630473,1813667,1282,上海,1630461,0,1,-1,3,28111,1630461,1,0,123,123,0,925310,964534,1282,0,T恤,0,0,0,0,1630473,七格格旗舰店,0,,IAIZO,,0,0,0,0,5101
1630474,1813668,1282,上海,1630461,0,1,-1,3,28111,1630461,1,0,123,123,0,925310,964534,1282,0,T恤,0,0,0,0,1630474,七格格旗舰店,0,,IAIZO,,0,0,0,0,5101
1630475,1813669,1282,上海,1630461,0,1,-1,3,28111,1630461,1,0,123,123,0,925310,964534,1282,0,T恤,0,0,0,0,1630475,七格格旗舰店,0,,IAIZO,,0,0,0,0,5101
1630476,1813670,1282,上海,1630461,0,1,-1,3,28111,1630461,1,0,123,123,0,925310,964534,1282,0,T恤,0,0,0,0,1630476,七格格旗舰店,0,,IAIZO,,0,0,0,0,5101
1630477,1813671,1282,上海,1630461,0,1,-1,3,28111,1630461,1,0,123,123,0,925310,964534,1282,0,T恤,0,0,0,0,1630477,七格格旗舰店,0,,IAIZO,,0,0,0,0,5101
1630478,1813672,1282,上海,1630461,0,1,-1,3,28111,1630461,1,0,123,123,0,925310,964534,1282,0,T恤,0,0,0,0,1630478,七格格旗舰店,0,,IAIZO,,0,0,0,0,5101
1630479,1813673,1282,上海,1630461,0,1,-1,3,28111,1630461,1,0,123,123,0,925310,964534,1282,0,T恤,0,0,0,0,1630479,七格格旗舰店,0,,IAIZO,,0,0,0,0,5101
1630480,1813674,1282,上海,1630461,0,1,-1,3,28111,1630461,1,0,123,123,0,925310,964534,1282,0,T恤,0,0,0,0,1630480,七格格旗舰店,0,,IAIZO,,0,0,0,0,5101
1630481,1813675,1282,上海,1630461,0,1,-1,3,28111,1630461,1,0,123,123,0,925310,964534,1282,0,T恤,0,0,0,0,1630481,七格格旗舰店,0,,IAIZO,,0,0,0,0,5101
1630594,1813768,1282,上海,1630592,0,1,-1,3,28111,1630592,1,0,123,123,0,925304,964534,1282,0,T恤,0,0,0,0,1630594,七格格旗舰店,0,,七格格,,0,0,0,0,5101
1630598,1813772,1282,上海,1630592,0,1,-1,3,28111,1630592,1,0,123,123,0,925304,964534,1282,0,T恤,0,0,0,0,1630598,七格格旗舰店,0,,七格格,,0,0,0,0,5101
1630599,1813773,1282,上海,1630592,0,1,-1,3,28111,1630592,1,0,123,123,0,925304,964534,1282,0,T恤,0,0,0,0,1630599,七格格旗舰店,0,,七格格,,0,0,0,0,5101
1630600,1813774,1282,上海,1630592,0,1,-1,3,28111,1630592,1,0,123,123,0,925304,964534,1282,0,T恤,0,0,0,0,1630600,七格格旗舰店,0,,七格格,,0,0,0,0,5101
1630601,1813775,1282,上海,1630592,0,1,-1,3,28111,1630592,1,0,123,123,0,925304,964534,1282,0,T恤,0,0,0,0,1630601,七格格旗舰店,0,,七格格,,0,0,0,0,5101
1630602,1813776,1282,上海,1630592,0,1,-1,3,28111,1630592,1,0,123,123,0,925304,964534,1282,0,T恤,0,0,0,0,1630602,七格格旗舰店,0,,七格格,,0,0,1,0,5101
1630603,1813777,1282,上海,1630592,0,1,-1,3,28111,1630592,1,0,123,123,0,925304,964534,1282,0,T恤,0,0,0,0,1630603,七格格旗舰店,0,,七格格,,0,0,1,0,5101
1630606,1813779,1282,上海,1630592,0,1,-1,3,28111,1630592,1,0,123,123,0,925304,964534,1282,0,T恤,0,0,0,0,1630606,七格格旗舰店,0,,七格格,,0,0,1,0,5101
1630608,1813781,1282,上海,1630592,0,1,-1,3,28111,1630592,1,0,123,123,0,925304,964534,1282,0,T恤,0,0,0,0,1630608,七格格旗舰店,0,,七格格,,0,0,0,0,5101
1630610,1813783,1282,上海,1630592,0,1,-1,3,28111,1630592,1,0,123,123,0,925304,964534,1282,0,T恤,0,0,0,0,1630610,七格格旗舰店,0,,七格格,,0,0,1,0,5101
1630612,1813786,1282,上海,1630592,0,1,-1,3,28111,1630592,1,0,123,123,0,925304,964534,1282,0,T恤,0,0,0,0,1630612,七格格旗舰店,0,,七格格,,0,0,1,0,5101
1630615,1813788,1282,上海,1630592,0,1,-1,3,28111,1630592,1,0,123,123,0,925304,964534,1282,0,T恤,0,0,0,0,1630615,七格格旗舰店,0,,七格格,,0,0,1,0,5101
1949070,2143551,1350,上海,1630965,0,1,-1,3,34419,1630965,1,0,34140,34140,0,928047,971556,1350,0,握力器,0,0,0,0,1630965,千动体育专营店,0,,祖迪斯,,0,0,0,0,5961
1922289,2116197,1350,上海,1630966,0,1,-1,3,34409,1630966,1,0,34140,34140,0,928047,971546,1350,0,拉力绳/拉力器,0,0,0,0,1630966,千动体育专营店,0,,祖迪斯,,0,0,0,0,5961
1923108,2117136,1350,上海,1630972,0,1,-1,3,23657,1630972,1,0,34140,34140,0,928047,960147,1350,0,羽毛球拍,0,0,0,0,1630972,千动体育专营店,0,,祖迪斯,,0,3,1,0,5961
1631063,1814142,1164,上海,1631062,0,1,-1,3,23025,1631062,1,0,22906,22906,0,924297,959464,1164,0,皮具套装,0,0,0,0,1631063,鳄鱼恤旗舰店,0,,Crocodile/鳄鱼恤,,0,0,0,0,3361
1631065,1814143,1164,上海,1631064,0,1,-1,3,29538,1631064,1,0,22906,22906,0,924297,965839,1164,0,钱包,0,0,0,0,1631065,鳄鱼恤旗舰店,0,,Crocodile/鳄鱼恤,,0,0,0,0,3361
1631069,1814146,1349,上海,1631069,0,1,0,3,34738,1631069,0,0,5135,5135,0,925438,971975,1349,0,杏仁/杏干,0,0,0,0,1631069,大唐西域旗舰店,0,,大唐西域,,0,2127,1,0,5941
1631070,1814147,1349,上海,1631070,0,1,0,3,5469,1631070,0,0,5135,5135,0,925438,5469,1349,0,杏仁,0,0,0,0,1631070,大唐西域旗舰店,0,,大唐西域,,0,1381,1,0,5941
1631071,1814148,1349,上海,1631071,0,1,-1,3,24565,1631071,0,0,5135,5135,0,925438,960983,1349,0,葡萄干,0,0,0,0,1631071,大唐西域旗舰店,0,,大唐西域,,0,0,0,0,5941
1631072,1814149,1349,上海,1631072,0,1,0,3,24563,1631072,0,0,5135,5135,0,925438,960981,1349,0,枣类,0,0,0,0,1631072,大唐西域旗舰店,0,,大唐西域,,0,1035,1,0,5941
1631073,1814150,1349,上海,1631073,0,1,0,3,34680,1631073,0,0,5135,5135,0,925438,971917,1349,0,豆类制品,0,0,0,0,1631073,大唐西域旗舰店,0,,大唐西域,,0,1094,1,0,5941
1631074,1814151,1349,上海,1631074,0,1,0,3,34679,1631074,0,0,5135,5135,0,925438,971916,1349,0,白果/银杏果,0,0,0,0,1631074,大唐西域旗舰店,0,,大唐西域,,0,2329,1,0,5941
1631075,1814152,1349,上海,1631075,0,1,0,3,34680,1631075,0,0,5135,5135,0,925438,971917,1349,0,豆类制品,0,0,0,0,1631075,大唐西域旗舰店,0,,大唐西域,,0,4889,1,0,5941
1631076,1814153,1349,上海,1631076,0,1,0,3,28155,1631076,0,0,5135,5135,0,925438,964567,1349,0,夏威夷果,0,0,0,0,1631076,大唐西域旗舰店,0,,大唐西域,,0,1869,1,0,5941
1631077,1814154,1349,上海,1631077,0,1,2,3,28154,1631077,0,0,5135,5135,0,925438,964566,1349,0,碧根果,0,0,0,0,1631077,大唐西域旗舰店,0,,大唐西域,,0,1073,1,0,5941
1631080,1814157,1349,上海,1631080,0,1,0,3,5468,1631080,0,0,5135,5135,0,925438,5468,1349,0,核桃,0,0,0,0,1631080,大唐西域旗舰店,0,,大唐西域,,0,2039,1,0,5941
